name	pool	seq	length	%gc	tm (use 65)
Ebov-DRC_1_LEFT	Ebov-DRC_1	AGGATCTTTTGTGTGCGAATAACTATGA	28	35.71	61.26
Ebov-DRC_1_RIGHT	Ebov-DRC_1	AGCTTTAGGGTTGTTGAATCTCCA	24	41.67	60.20
Ebov-DRC_2_LEFT	Ebov-DRC_2	AACCTTGGTTTTGAACTTGAACACTT	26	34.62	60.46
Ebov-DRC_2_RIGHT	Ebov-DRC_2	TTGTAATCTCCCTGGTACGCATG	23	47.83	60.43
Ebov-DRC_3_LEFT	Ebov-DRC_1	CAAGAGAGTGCGGACAGTTTCC	22	54.55	61.44
Ebov-DRC_3_RIGHT	Ebov-DRC_1	GTGTCCTACTGATTGCCAAGCT	22	50.00	60.62
Ebov-DRC_4_LEFT	Ebov-DRC_2	TCAAGTACATGCAGAGCAAGGAC	23	47.83	60.87
Ebov-DRC_4_RIGHT	Ebov-DRC_2	AGAAAGGTTCAAAAGTCGGGCA	22	45.45	60.69
Ebov-DRC_5_LEFT	Ebov-DRC_1	GGTGAACTCCTTTAAGGCTGCA	22	50.00	60.81
Ebov-DRC_5_RIGHT	Ebov-DRC_1	GCAGCAGTGATAGCTTCTGTCA	22	50.00	60.68
Ebov-DRC_6_LEFT	Ebov-DRC_2	AGCTTCCAGCAAACAAACGCTA	22	45.45	61.33
Ebov-DRC_6_RIGHT	Ebov-DRC_2	GTATGCTGGCCCTTTTGACTGT	22	50.00	61.14
Ebov-DRC_7_LEFT	Ebov-DRC_1	ATCTAGACGAGGACGACGAGGA	22	54.55	61.85
Ebov-DRC_7_RIGHT	Ebov-DRC_1	CTCATCCTGCGGGAGTTCTTTC	22	54.55	61.00
Ebov-DRC_8_LEFT	Ebov-DRC_2	AACAGGACAGGGACGGAACTTC	22	54.55	62.19
Ebov-DRC_8_RIGHT	Ebov-DRC_2	TCTTGTGATTCATTACCGGCCA	22	45.45	60.03
Ebov-DRC_9_LEFT	Ebov-DRC_1	CTTGAAGAGGAATATCCACCATGGC	25	48.00	61.49
Ebov-DRC_9_RIGHT	Ebov-DRC_1	TGAGTTACAATTATGGCTGCAACTG	25	40.00	60.11
Ebov-DRC_9_RIGHT_alt1	Ebov-DRC_1	TTGAGTTACAATTATGGCTACAACTG	26	34.62	61.26
Ebov-DRC_10_LEFT	Ebov-DRC_2	AGCTGTTTTTCAAAGTTCAATTTGAGTCT	29	31.03	61.19
Ebov-DRC_10_LEFT_alt1	Ebov-DRC_2	AGTTGTTTTTCAAAGTTCAATTTGAGTCT	29	27.59	59.63
Ebov-DRC_10_RIGHT	Ebov-DRC_2	TCTTCCGGTCATTAGCTGCTCA	22	50.00	61.47
Ebov-DRC_11_LEFT	Ebov-DRC_1	TACTGCGGTCACGACTCAAAAC	22	50.00	61.11
Ebov-DRC_11_RIGHT	Ebov-DRC_1	TGCAACCATCTCAGCACAAACC	22	50.00	61.91
Ebov-DRC_12_LEFT	Ebov-DRC_2	CGAGTCTTGAGAATGGTCTAAAGCC	25	48.00	61.42
Ebov-DRC_12_RIGHT	Ebov-DRC_2	GAAAGCAGTTCCAAAACCAGGC	22	50.00	60.80
Ebov-DRC_13_LEFT	Ebov-DRC_1	GGAAACCTGACATTTCGGCAAAG	23	47.83	60.86
Ebov-DRC_13_RIGHT	Ebov-DRC_1	TCAAATTTTGAGTCCAAGTGTTTTACCA	28	32.14	60.53
Ebov-DRC_14_LEFT	Ebov-DRC_2	ATCCGCTCTCGAGGTGACATTC	22	54.55	62.16
Ebov-DRC_14_RIGHT	Ebov-DRC_2	TCTTCATCACTTTTGGTTTGGGTTAC	26	38.46	60.18
Ebov-DRC_15_LEFT	Ebov-DRC_1	TTGTTCATATCTCGCTAGCAGCTT	24	41.67	60.44
Ebov-DRC_15_RIGHT	Ebov-DRC_1	TGAATGCTGATGACACACTGCC	22	50.00	61.45
Ebov-DRC_16_LEFT	Ebov-DRC_2	GGGACACTCCATCGAATCCACT	22	54.55	61.80
Ebov-DRC_16_RIGHT	Ebov-DRC_2	TGAGTGCTGTCAAATCAAAGGTGA	24	41.67	60.93
Ebov-DRC_17_LEFT	Ebov-DRC_1	TCCTCCAGGAGTTCGTTCTTCC	22	54.55	61.41
Ebov-DRC_17_RIGHT	Ebov-DRC_1	GAACAGGGATGATTGGTTGTCCA	23	47.83	60.81
Ebov-DRC_18_LEFT	Ebov-DRC_2	CCAGCCAAAAATATCATGGGAATCG	25	44.00	60.79
Ebov-DRC_18_RIGHT	Ebov-DRC_2	AAGTTCTACATTTAGGAGAGGAAAAAGACA	30	33.33	60.84
Ebov-DRC_19_LEFT	Ebov-DRC_1	CGTCCATTAGCGGAGATACTTTTAATTG	28	39.29	60.78
Ebov-DRC_19_RIGHT	Ebov-DRC_1	ACTGTCGGCTTAATCTTCATCGC	23	47.83	61.29
Ebov-DRC_20_LEFT	Ebov-DRC_2	TCGGGACCCATTTCTAGGTTGT	22	50.00	61.10
Ebov-DRC_20_RIGHT	Ebov-DRC_2	TCCAACTGATCTCAATTGATTTGTGG	26	38.46	60.07
Ebov-DRC_21_LEFT	Ebov-DRC_1	ACAGGTTAGTGATGTCGACAAACT	24	41.67	60.20
Ebov-DRC_21_RIGHT	Ebov-DRC_1	CGTTCCTCGGTAGATAACTGTGG	23	52.17	60.49
Ebov-DRC_22_LEFT	Ebov-DRC_2	CGGAGACTTTGCCTTCCACAAA	22	50.00	61.33
Ebov-DRC_22_RIGHT	Ebov-DRC_2	TCAATTTCGGGGTTGACCTTCC	22	50.00	60.82
Ebov-DRC_23_LEFT	Ebov-DRC_1	TCTGCTCCAGCTGAATGAGACA	22	50.00	61.41
Ebov-DRC_23_RIGHT	Ebov-DRC_1	GTATTATGGGTGCTGTTGTCCGG	23	52.17	61.54
Ebov-DRC_24_LEFT	Ebov-DRC_2	CCACAATCTCCACGAGTCCTCA	22	54.55	61.73
Ebov-DRC_24_RIGHT	Ebov-DRC_2	AGTTCTTCTCCCGCCTGTGATC	22	54.55	62.05
Ebov-DRC_25_LEFT	Ebov-DRC_1	ATACCGGAGAAGAGAGTGCCAG	22	54.55	61.27
Ebov-DRC_25_RIGHT	Ebov-DRC_1	CCCATCGCTGCAGCAAGAAATC	22	54.55	62.71
Ebov-DRC_26_LEFT	Ebov-DRC_2	TCAACTGTTCCTGAGAGCCACA	22	50.00	61.55
Ebov-DRC_26_RIGHT	Ebov-DRC_2	TCCTGGTTTCATTGATTTGAGGCT	24	41.67	60.75
Ebov-DRC_27_LEFT	Ebov-DRC_1	TGTCTTTTAGTTTTTCTTCAGATTGCTTCA	30	30.00	60.78
Ebov-DRC_27_LEFT_alt1	Ebov-DRC_1	GTCTTTTAGTTTTTCTCCAGATTGCTTCA	29	34.48	60.88
Ebov-DRC_27_RIGHT	Ebov-DRC_1	GGGTTGCAACTAAACTCTACCGG	23	52.17	61.42
Ebov-DRC_28_LEFT	Ebov-DRC_2	AGTGACAAGGGAAAGAAGCCTTT	23	43.48	60.37
Ebov-DRC_28_RIGHT	Ebov-DRC_2	GCAAAAACTACTGTCACACAAAAATCC	27	37.04	60.46
Ebov-DRC_29_LEFT	Ebov-DRC_1	AGTTCCTCCAGCACCTAAGGAC	22	54.55	61.42
Ebov-DRC_29_RIGHT	Ebov-DRC_1	GTCTCACATAAAAGACTCAGCTGGG	25	48.00	61.37
Ebov-DRC_30_LEFT	Ebov-DRC_2	ATGTGCTGTGATGACGAGGAAA	22	45.45	60.29
Ebov-DRC_30_RIGHT	Ebov-DRC_2	AGAAGGTTATATAGTGTTTTAGTCAGCCT	29	34.48	60.13
Ebov-DRC_31_LEFT	Ebov-DRC_1	TCAGATAATGAGGAAGCTTCAACCA	25	40.00	60.05
Ebov-DRC_31_RIGHT	Ebov-DRC_1	TTTGATGGGATGGATCGTTGCT	22	45.45	60.36
Ebov-DRC_32_LEFT	Ebov-DRC_2	GCCAAGCATACCTCTTGCACAA	22	50.00	61.72
Ebov-DRC_32_RIGHT	Ebov-DRC_2	AGACGTGTCACTAATTGGACTACC	24	45.83	60.08
Ebov-DRC_33_LEFT	Ebov-DRC_1	CCCTAGAGGCATTCTTCATCTCCT	24	50.00	61.25
Ebov-DRC_33_RIGHT	Ebov-DRC_1	GGTCTTGCTTGGTATCTGGAGTATC	25	48.00	60.74
Ebov-DRC_34_LEFT	Ebov-DRC_2	AACGTCGTTCCAACAATCGAGC	22	50.00	61.99
Ebov-DRC_34_RIGHT	Ebov-DRC_2	TGCAAGGATGACTCTCAATGCC	22	50.00	60.94
Ebov-DRC_35_LEFT	Ebov-DRC_1	CCCTGCATGGTCAATGACAAGG	22	54.55	61.79
Ebov-DRC_35_RIGHT	Ebov-DRC_1	GAGCTCCACCAGAAAACCCATG	22	54.55	61.46
Ebov-DRC_36_LEFT	Ebov-DRC_2	CGGATTGTTGAGCAGTATTGAAATTGG	27	40.74	61.57
Ebov-DRC_36_RIGHT	Ebov-DRC_2	GTCAACTTGGAAGCTGGCTTACA	23	47.83	61.30
Ebov-DRC_36_RIGHT_alt1	Ebov-DRC_2	GTCAACTTGAAAGCTGGCTTACA	23	43.48	59.68
Ebov-DRC_37_LEFT	Ebov-DRC_1	TCTTGACATCTCTGCTTTCATAATCAGA	28	35.71	60.59
Ebov-DRC_37_RIGHT	Ebov-DRC_1	ACACGGAAAGACCCAATAAGCA	22	45.45	60.22
Ebov-DRC_38_LEFT	Ebov-DRC_2	TGGTTAATTGTAACTGAACCCGCA	24	41.67	60.99
Ebov-DRC_38_RIGHT	Ebov-DRC_2	GCAATGTCGCCACTGGTACATC	22	54.55	62.13
Ebov-DRC_39_LEFT	Ebov-DRC_1	GCGCAACTGTAAACTCCCGAAA	22	50.00	61.94
Ebov-DRC_39_RIGHT	Ebov-DRC_1	ACCATGTTGATCTAGAGTTTCCTCG	25	44.00	60.39
Ebov-DRC_40_LEFT	Ebov-DRC_2	CTGGCTATTTTGACTCGAAGGGG	23	52.17	61.24
Ebov-DRC_40_RIGHT	Ebov-DRC_2	TCTCCGCTCTGGTAAAGCATAGA	23	47.83	60.94
Ebov-DRC_41_LEFT	Ebov-DRC_1	GCAGAGATTGAGGATCCAGTTTGT	24	45.83	60.87
Ebov-DRC_41_RIGHT	Ebov-DRC_1	TGCTGTTTCACTATGTAGCACAGG	24	45.83	61.10
Ebov-DRC_42_LEFT	Ebov-DRC_2	AAGGCTAGAGATGACGCCACAA	22	50.00	61.74
Ebov-DRC_42_LEFT_alt1	Ebov-DRC_2	GCTGGAGATGACGCCACAA	19	57.89	60.38
Ebov-DRC_42_RIGHT	Ebov-DRC_2	TGTCCTTTCTACTGCGGTAGCT	22	50.00	61.15
Ebov-DRC_43_LEFT	Ebov-DRC_1	TACCACCTTGACCATCCTCCAC	22	54.55	61.42
Ebov-DRC_43_RIGHT	Ebov-DRC_1	TGCTCACGTTCCGTAACTACCA	22	50.00	61.65
Ebov-DRC_44_LEFT	Ebov-DRC_2	CTCTGTTAGCTGATGGTCTTGCT	23	47.83	60.37
Ebov-DRC_44_RIGHT	Ebov-DRC_2	TCAATCCCTCCCATATGACCTCT	23	47.83	60.12
Ebov-DRC_45_LEFT	Ebov-DRC_1	CTGGAAAATCGAGACAACCCCC	22	54.55	61.20
Ebov-DRC_45_RIGHT	Ebov-DRC_1	AAGGGACTGAGGCAATTGGACC	22	54.55	62.55
Ebov-DRC_46_LEFT	Ebov-DRC_2	ACCTGATGAAACATTTGTACATTCAGGT	28	35.71	61.58
Ebov-DRC_46_RIGHT	Ebov-DRC_2	AGATTCCGGTAGAAACATTTTTCAGGA	27	37.04	60.96
Ebov-DRC_46_RIGHT_alt1	Ebov-DRC_2	GATTCCGGTAGAAACATTTCTCAGGA	26	42.31	60.85
Ebov-DRC_47_LEFT	Ebov-DRC_1	ATCATTGGCACTAGCGGTACCG	22	54.55	62.74
Ebov-DRC_47_RIGHT	Ebov-DRC_1	CGCAAAACGACTCATAACAGGAGTT	25	44.00	62.03
Ebov-DRC_48_LEFT	Ebov-DRC_2	TTTCATGCGTCAGCTGACTTCG	22	50.00	61.74
Ebov-DRC_48_RIGHT	Ebov-DRC_2	GAGTGTGGCTCCAATAAGAGGTC	23	52.17	60.68
Ebov-DRC_49_LEFT	Ebov-DRC_1	CCTGAGGGAGTATTCATGGGCT	22	54.55	61.30
Ebov-DRC_49_RIGHT	Ebov-DRC_1	AGCAAGTCACTGTTCGAACTGC	22	50.00	61.63
Ebov-DRC_50_LEFT	Ebov-DRC_2	CCAAAATGTCCTTCTGCAGCCT	22	50.00	61.41
Ebov-DRC_50_RIGHT	Ebov-DRC_2	TGGATGTCTGTAGCCTCAGTGT	22	50.00	60.82
Ebov-DRC_51_LEFT	Ebov-DRC_1	ACGCGACAGCAATATTATTTTCCAG	25	40.00	60.50
Ebov-DRC_51_RIGHT	Ebov-DRC_1	TTCTCCACTGCTAATTGGGTCTG	23	47.83	60.31
Ebov-DRC_52_LEFT	Ebov-DRC_2	GAGCTAGCCAAGACCATCATGC	22	54.55	61.38
Ebov-DRC_52_RIGHT	Ebov-DRC_2	AGAATAACCTGGCCGCATCTGA	22	50.00	61.81
Ebov-DRC_53_LEFT	Ebov-DRC_1	ATTTACATAGGCGGTGCTGCAG	22	50.00	61.32
Ebov-DRC_53_RIGHT	Ebov-DRC_1	AGTCTCCTGCCAAGTATTTTCGG	23	47.83	60.62
Ebov-DRC_54_LEFT	Ebov-DRC_2	AGCCAGCAATTTCTTCCATGCA	22	45.45	61.41
Ebov-DRC_54_RIGHT	Ebov-DRC_2	AGGTAGGACTAGACGGTGTGAG	22	54.55	60.36
Ebov-DRC_55_LEFT	Ebov-DRC_1	GATCGATCGAGACACAGTGTGAA	23	47.83	60.43
Ebov-DRC_55_RIGHT	Ebov-DRC_1	CTGGACTCAGTAGCTAGCGTGT	22	54.55	61.52
Ebov-DRC_56_LEFT	Ebov-DRC_2	AGAAGGTGCTGGTGCCTTACTA	22	50.00	61.09
Ebov-DRC_56_RIGHT	Ebov-DRC_2	AGAAAGACTTTAAGGACCACTGCTT	25	40.00	60.40
Ebov-DRC_57_LEFT	Ebov-DRC_1	ACAGATCGAAATTGTACGAAGCTGT	25	40.00	61.08
Ebov-DRC_57_RIGHT	Ebov-DRC_1	TCTAATGATGGAAAACCAAGGCGG	24	45.83	61.41
Ebov-DRC_58_LEFT	Ebov-DRC_2	GGTAATACTTATGGCATTGCAACTGC	26	42.31	61.23
Ebov-DRC_58_RIGHT	Ebov-DRC_2	TAAACTCAGCTTGCCATGTCCC	22	50.00	60.88
Ebov-DRC_59_LEFT	Ebov-DRC_1	AGGACGAATCACAAAACTAGTCAATGA	27	37.04	60.95
Ebov-DRC_59_RIGHT	Ebov-DRC_1	GGGACTCCTTTCGTTATTTAAATAGTTGT	29	34.48	60.13
Ebov-DRC_60_LEFT	Ebov-DRC_2	TTGATTGAATTACCGTGCATAGTATCCT	28	35.71	60.90
Ebov-DRC_60_RIGHT	Ebov-DRC_2	TTGTTTTAAGAAGTCGTGTTATCAACCA	28	32.14	60.17
Ebov-DRC_61_LEFT	Ebov-DRC_1	CCTGTCAGATGGAATAGTGTTTTGGT	26	42.31	61.25
Ebov-DRC_61_RIGHT	Ebov-DRC_1	TTGTGTGCGACCATTTTTCCAG	22	45.45	60.22
